country,designation,points,price,province,region_1,region_2,variety,winery
Argentina,,85,12,Other,Famatina Valley,,Malbec,Las Vides
Germany,Piesporter Goldtröpfchen Auslese Goldkap,92,48,Mosel-Saar-Ruwer,,,Riesling,Kurt Hain
Spain,Bla Bla Bla,83,15,Spanish Islands,Vi de la Terra Mallorca,,Premsal,Terra de Falanis
Canada,,85,12,Ontario,Niagara Peninsula,,Riesling,Cave Spring
US,Sierra Mar Vineyard,86,55,California,Santa Lucia Highlands,Central Coast,Pinot Noir,Bernardus
Argentina,Seleccionada,86,18,Mendoza Province,Mendoza,,Bonarda,Alma del Sur
Spain,Vergel Joven,84,14,Levante,Alicante,,Red Blend,La Bodega de Pinoso
Italy,,89,23,Tuscany,Rosso di Montalcino,,Sangiovese Grosso,La Mannella
Germany,Ürziger Würzgarten Kabinett,89,19,Mosel,,,Riesling,Karl Erbes
Spain,Señorio de Garci Grande,85,14,Northern Spain,Rueda,,Verdejo,Bodegas Garci Grande
Argentina,Los Cardos,85,12,Mendoza Province,Mendoza,,Malbec,Doña Paula
US,Seco Highlands Estate,94,35,California,Arroyo Seco,Central Coast,Pinot Noir,Kendall-Jackson
Spain,,87,22,Northern Spain,Bierzo,,Godello,Luna Beberide
US,Rose Wine,90,12,California,Santa Ynez Valley,Central Coast,Rosé,Foley & Phillips
Argentina,Barrel Select,85,14,Mendoza Province,Mendoza,,Chardonnay,Bodega Norton
Germany,Mettenheimer,89,14,Rheinhessen,,,Pinot Noir,Schäfer
US,,81,24,California,Napa County,Napa,Merlot,Irish Monkey Cellars
US,Pagani Reserve,91,40,California,Sonoma Valley,Sonoma,Zinfandel,St. Francis
US,Point Break,86,24,California,North Coast,North Coast,Red Blend,Longboard
Italy,Bussia Riserva,91,,Piedmont,Barolo,,Nebbiolo,Silvano Bolmida
New Zealand,,84,,Martinborough,,,Syrah,Kusuda
US,JK's,90,24,California,Livermore Valley,Central Coast,Cabernet Sauvignon,Mitchell Katz Winery
France,Grande Cuvée la Chaudouillonne,91,,Loire Valley,Sancerre,,Sauvignon Blanc,Fournier Père et Fils
Argentina,Paisaje de Barrancas,93,18,Mendoza Province,Mendoza,,Red Blend,Finca Flichman
Portugal,Monte da Cal,87,10,Alentejano,,,Portuguese Red,Dão Sul
South Africa,Reserve,86,18,Paarl,,,Shiraz,Montestell
Chile,Castillo de Molina Reserva,86,12,Cachapoal Valley,,,Merlot,San Pedro
US,,93,125,California,Napa Valley,Napa,Meritage,William Hill Estate
US,Coastal Selection,82,13,California,Central Coast,Central Coast,Pinot Noir,Mirassou
France,Les Vaillons Vieilles Vignes Premier Cru,89,44,Burgundy,Chablis,,Chardonnay,Domaine Laroche
US,,82,20,California,Napa Valley,Napa,Cabernet Sauvignon,Ca' Momi
Italy,Diecicoppe,86,16,Central Italy,Colline Pescaresi,,Red Blend,Pasetti
Portugal,Duas Quintas Reserva Especial,93,67,Douro,,,Portuguese Red,Ramos-Pinto
France,Cuvée Hyménée Brut,90,89,Champagne,Champagne,,Champagne Blend,Tendil & Lombardi
US,Monarch Mine Vineyard,90,25,California,Sierra Foothills,Sierra Foothills,Roussanne,Terre Rouge
US,Reserve,82,20,California,Edna Valley,Central Coast,Chardonnay,Norman
US,25th Vintage Rubino Super-Tuscan Style Blend,85,22,Pennsylvania,Pennsylvania,,Red Blend,Chaddsford
Portugal,Ciconia,85,10,Alentejano,,,Portuguese Red,Herdade de São Miguel
France,Barrel Sample,91,,Bordeaux,Pessac-Léognan,,Bordeaux-style White Blend,Château Carbonnieux
Argentina,AR,88,22,Mendoza Province,Mendoza,,Malbec,Tamarí
US,Valley View Vineyard,85,25,California,Santa Barbara County,Central Coast,Cabernet Sauvignon,Lucas & Lewellen
Chile,,84,8,Central Valley,,,Sauvignon Blanc,Caliterra
France,,94,130,Burgundy,Corton-Charlemagne,,Chardonnay,Louis Latour
France,Domaine Paradis,85,,Beaujolais,Saint-Amour,,Gamay,Georges Duboeuf
France,,84,15,Bordeaux,Bordeaux Blanc,,Sauvignon Blanc,Château Laubès
US,,80,25,California,Dry Creek Valley,Sonoma,Merlot,Hawley
Italy,Casa Boschino,87,17,Tuscany,Toscana,,Red Blend,San Fabiano Calcinaia
France,Château Bois Chantant,89,,Bordeaux,Bordeaux,,Bordeaux-style Red Blend,Bernard Magrez
US,Melbury,95,225,California,Napa Valley,Napa,Cabernet Blend,BOND
US,Artist Series #12,91,44,Washington,Columbia Valley (WA),Columbia Valley,Cabernet Sauvignon,Woodward Canyon
France,Cuvée Romanaise,88,22,Rhône Valley,Côtes du Rhône Villages,,Grenache-Syrah,Domaine Fond Croze
US,Barrel Select Reserve,87,19,New York,North Fork of Long Island,Long Island,Merlot,Pindar Vineyards
US,,92,40,California,Russian River Valley,Sonoma,Sauvignon Blanc,Rochioli
Spain,Montesol Clásico,86,12,Northern Spain,Rueda,,White Blend,Vinos Sanz
US,,82,35,California,Paso Robles,Central Coast,Petite Sirah,Eagle Castle
France,Rosé,84,10,Languedoc-Roussillon,Vin de Pays d'Oc,,Syrah,Los 3 Bandidos
Italy,,87,16,Sicily & Sardinia,Sicilia,,Nero d'Avola,Colosi
France,,85,9,Bordeaux,Bordeaux Supérieur,,Bordeaux-style Red Blend,Château Haut-Sorillon
Portugal,Andreza Branco,90,18,Douro,,,Portuguese White,Wines & Winemakers
Australia,Clarendon,90,45,South Australia,Clarendon,,Grenache,Clarendon Hills
Italy,Terra di Vulcano,86,15,Southern Italy,Aglianico del Vulture,,Aglianico,Bisceglia
New Zealand,Cellar Selection,88,13,Marlborough,,,Sauvignon Blanc,Sileni
US,Cellar Select,90,18,Texas,Texas,,Chardonnay,Llano Estacado
France,,84,,Provence,Côtes de Provence,,Rosé,Barton & Guestier
US,Kiara Private Reserve Sylvester Vineyards,83,20,California,Paso Robles,Central Coast,Cabernet Sauvignon,Sylvester
Chile,Corralillo,87,20,San Antonio,,,Gewürztraminer,Matetic
France,Vieilles Vignes,89,261,Burgundy,Gevrey-Chambertin,,Pinot Noir,Sérafin Père et Fils
US,,89,13,Washington,Yakima Valley,Columbia Valley,Pinot Gris,Lone Birch
US,,81,14,California,Lodi,Central Valley,Zinfandel,Bargetto
France,Grande Cuvée,82,,Bordeaux,Bordeaux Rosé,,Rosé,Château Grand Rolland
Italy,Riserva,86,45,Tuscany,Chianti Rufina,,Red Blend,Dreolino
US,Juliana Vineyards,90,22,California,Napa Valley,Napa,Sauvignon Blanc,Merryvale
US,Estate,92,36,California,Arroyo Grande Valley,Central Coast,Pinot Noir,Talley
Argentina,Bramare Marchiori Vineyard,91,80,Mendoza Province,Perdriel,,Malbec,Viña Cobos
Chile,Reserve,87,10,Colchagua Valley,,,Malbec,Montes
US,,87,65,California,Napa Valley,Napa,Cabernet Sauvignon,Guarachi Family
France,,90,30,Bordeaux,Haut-Médoc,,Bordeaux-style Red Blend,Château Coufran
France,,87,15,Alsace,Alsace,,Pinot Blanc,Joseph Fritsch
US,Wolff Vineyard,85,48,California,Edna Valley,Central Coast,Pinot Noir,Double Bond
Romania,La Umbra,86,9,Dealurile Munteniei,,,Cabernet Sauvignon,Cramele Halewood
France,Tête de Cuvée,84,,Alsace,Alsace,,Pinot Gris,Ruhlmann
Italy,,87,16,Tuscany,Toscana,,Rosato,Castello di Ama
Italy,Extra Brut,87,,Lombardy,Franciacorta,,Sparkling Blend,Ricci Curbastro
Italy,Madre,91,76,Tuscany,Toscana,,Red Blend,Poggio Antico
France,Vieilles Vignes,90,55,Burgundy,Pouilly-Fuissé,,Chardonnay,Louis Max
Chile,Gold Assemblage Carmenere,86,18,Colchagua Valley,,,Red Blend,Estampa
France,,87,30,Burgundy,Mercurey,,Chardonnay,Château Philippe-le-Hardi
US,,88,30,California,Los Carneros,Napa-Sonoma,Chardonnay,La Crema
US,Reserve,86,30,California,Napa Valley,Napa,Merlot,Artesa
South Africa,Manor House,86,20,Coastal Region,,,Shiraz,Nederburg
US,Cuvée Orleans,88,40,Washington,Yakima Valley,Columbia Valley,Syrah,McCrea Cellars
Italy,,90,38,Veneto,Amarone della Valpolicella Classico,,"Corvina, Rondinella, Molinara",Vigneti Villabella
US,,86,16,California,Napa Valley,Napa,Sauvignon Blanc,Mason Cellars
US,Kingpin,92,56,Washington,Red Mountain,Columbia Valley,Cabernet Sauvignon,Sparkman
US,Gap's Crown Vineyard,95,50,California,Sonoma Coast,Sonoma,Pinot Noir,Furthermore
US,Clockspring Vineyard,82,16,California,Shenandoah Valley (CA),Sierra Foothills,Zinfandel,Amador Foothill Winery
US,Old Vine Meyercamp Ranch,86,10,California,Napa Valley,Napa,Chenin Blanc,Pope Valley Winery
US,,89,22,California,Lodi,Central Valley,Zinfandel,The Federalist
Portugal,20 Years Old,90,35,Port,,,Port,Barros
Australia,,86,14,South Australia,Barossa,,Shiraz,Nine Stones
Australia,Hanenhof,87,22,South Australia,Barossa Valley,,Merlot-Cabernet Franc,Haan
France,Dessert Wine,87,16,Rhône Valley,Muscat de Beaumes de Venise,,Muscat,Domaine de la Pigeade
US,St. Eden,94,275,California,Napa Valley,Napa,Bordeaux-style Red Blend,BOND
US,Dutton Ranch,88,40,California,Russian River Valley,Sonoma,Pinot Noir,Dutton-Goldfield
US,Quarter Moon Vineyard,94,100,California,Sonoma Coast,Sonoma,Pinot Noir,Freestone
France,Les Vaucrains Premier Cru,92,108,Burgundy,Nuits-St.-Georges,,Pinot Noir,Bertrand Ambroise
Italy,Alleanza,91,35,Tuscany,Toscana,,Red Blend,Castello di Gabbiano
US,Reserve Claret,93,125,California,Sonoma-Napa,Napa-Sonoma,Bordeaux-style Red Blend,Pride Mountain
France,,86,,Bordeaux,Margaux,,Bordeaux-style Red Blend,Chateau Dauzac
France,Les Pavés,87,35,Rhône Valley,Châteauneuf-du-Pape,,Rhône-style Red Blend,Oriel
France,Les Amoureux,84,8,Languedoc-Roussillon,Vin de Pays d'Oc,,Sauvignon Blanc,Tortoise Creek
France,Cuvée Prestige,90,27,Bordeaux,Premieres Côtes de Bordeaux,,Bordeaux-style Red Blend,Château Suau
France,B de Biac,84,42,Bordeaux,Cadillac Côtes de Bordeaux,,Bordeaux-style Red Blend,Château du Biac
France,Rosé de Saignée Brut,87,59,Champagne,Champagne,,Pinot Noir,Tendil & Lombardi
US,Classic Vintage Brut,87,33,California,Green Valley,Sonoma,Sparkling Blend,Iron Horse
US,Couture,92,70,California,Santa Barbara County,Central Coast,Red Blend,Sanguis
New Zealand,,86,15,Martinborough,,,Sauvignon Blanc,Te Kairanga
Chile,Condesa Real Premium Blend,89,24,Aconcagua Valley,,,Red Blend,Conde de Velázquez
US,,83,23,Washington,Walla Walla Valley (WA),Columbia Valley,Syrah,Edmonds Winery
US,Reserve,88,84,California,Paso Robles,Central Coast,Cabernet Sauvignon,Chateau Margene
New Zealand,,87,25,Waipara,,,Pinot Noir,Muddy Water
US,Philosophy,84,36,Virginia,Virginia,,Red Blend,Greenhill
Italy,Brut,87,,Lombardy,Franciacorta,,Sparkling Blend,Tenuta Montedelma di Berardi
US,,82,11,California,California,California Other,Cabernet Sauvignon,Bogle
US,,91,24,California,Sonoma Coast,Sonoma,Pinot Noir,Bench
US,Late Harvest,84,11,Washington,Columbia Valley (WA),Columbia Valley,Riesling,Hogue
US,,87,20,New York,Finger Lakes,Finger Lakes,Cabernet Franc,Red Newt Cellars
France,Clos des Hâtes,88,25,Burgundy,Santenay,,Pinot Noir,Domaine Bachey-Legros
US,Crimson Jewel,84,42,California,Paso Robles,Central Coast,Red Blend,LXV
US,Verdigris,85,30,California,California,California Other,White Blend,Las Positas
US,,91,37,California,Napa Valley,Napa,Zinfandel,Frank Family
US,Late Harvest,89,35,California,Anderson Valley,Mendocino/Lake Counties,Gewürztraminer,Castello di Amorosa
US,Dry,90,17,New York,Finger Lakes,Finger Lakes,Riesling,Ravines
New Zealand,Reserve,86,17,Marlborough,,,Merlot,Brancott
US,,87,8,Washington,Columbia Valley (WA),Columbia Valley,Sauvignon Blanc,Covey Run
Italy,Serralunga,92,48,Piedmont,Barolo,,Nebbiolo,Palladino
US,Oakville Grade,93,75,California,Napa Valley,Napa,Bordeaux-style Red Blend,Merryvale
France,,94,,Bordeaux,Pessac-Léognan,,Bordeaux-style Red Blend,Château Malartic-Lagravière
US,,85,17,California,Monterey County,Central Coast,Cabernet Franc,Brushstroke
US,Dry,90,18,California,Edna Valley,Central Coast,Riesling,Claiborne & Churchill
Australia,First Eleven,92,60,South Australia,Coonawarra,,Cabernet Sauvignon,Jim Barry
US,Dijon Clone,84,25,California,Arroyo Seco,Central Coast,Chardonnay,Scott Family
Greece,Red,85,9,Nemea,,,Agiorgitiko,Kouros
Italy,Selezone Antonio Castagnedi,93,45,Veneto,Amarone della Valpolicella,,"Corvina, Rondinella, Molinara",Tenuta Sant'Antonio
Chile,Quinel Single Vineyard Estate Bottled,87,18,Bío Bío Valley,,,Pinot Noir,Veranda
US,Estate Bottled,87,25,New York,North Fork of Long Island,Long Island,Merlot,Raphael
France,Sables d'Azur,83,10,Provence,Côtes de Provence,,Rosé,Baron Gassier
US,Rod's Pride,84,30,California,Russian River Valley,Sonoma,Pinot Noir,Toad Hollow
US,Red Roan Red Wine,83,15,Washington,Columbia Valley (WA),Columbia Valley,Red Blend,Tagaris
France,,87,,Burgundy,Coteaux Bourguignons,,Gamay,Domaine Dominique Piron
US,McKinley Springs,88,42,Washington,Horse Heaven Hills,Columbia Valley,Mourvèdre,Robert Ramsay
France,Mirabelle de la Jaubertie,90,19,Southwest France,Bergerac Sec,,Bordeaux-style White Blend,Château de la Jaubertie
Italy,Giada,90,45,Piedmont,Barbera d'Alba,,Barbera,Andrea Oberto
US,,87,35,California,Alexander Valley,Sonoma,Merlot,Godwin
US,1,91,50,Washington,Columbia Valley (WA),Columbia Valley,Grenache,Brian Carter Cellars
US,,83,21,California,Sonoma County,Sonoma,Chardonnay,Meadowcroft
Italy,,87,16,Piedmont,Roero,,Arneis,Giacosa Fratelli
Italy,Maràia,86,11,Piedmont,Barbera del Monferrato,,Barbera,Marchesi di Barolo
Portugal,Reserva Branco,89,14,Douro,,,Portuguese White,Castello d'Alba
New Zealand,,88,15,Marlborough,,,Riesling,eco.love
Australia,The Loose Cannon,88,16,South Australia,McLaren Vale,,Viognier,Hugh Hamilton
US,Cotes du Rogue,86,21,Oregon,Oregon,Oregon Other,Rhône-style Red Blend,Merrill Cellars
Italy,Serraboella,90,,Piedmont,Barbaresco,,Nebbiolo,Barale Fratelli
US,,91,31,California,Napa Valley,Napa,Petite Sirah,Stags' Leap Winery
Argentina,Reserve,83,19,Mendoza Province,Uco Valley,,Pinot Noir,Salentein
Argentina,Las Compuertas,90,30,Mendoza Province,Luján de Cuyo,,Malbec,Viña Alicia
France,,82,19,Bordeaux,Côtes de Castillon,,Bordeaux-style Red Blend,Château des Demoiselles
Italy,Ser Lapo Riserva,87,40,Tuscany,Chianti Classico,,Red Blend,Mazzei
New Zealand,La Strada,84,31,Marlborough,,,Riesling,Fromm Winery
US,Seymour's,95,,California,Edna Valley,Central Coast,Syrah,Alban
Lithuania,Gold,84,10,Lithuania,,,Sparkling Blend,Alita
New Zealand,Envoy Johnson Vineyard,93,33,Marlborough,,,Sauvignon Blanc,Spy Valley
US,Pommard Clone Dierberg Vineyard,88,70,California,Santa Maria Valley,Central Coast,Pinot Noir,Tantara
US,,82,9,California,California,California Other,Merlot,Campus Oaks
Italy,Terre di Sicilia,83,7,Sicily & Sardinia,Sicilia,,Inzolia,Cambria
US,Bootjack Ranch,87,24,California,Paso Robles,Central Coast,Petite Sirah,Niner
Spain,Crianza,87,15,Northern Spain,Ribera del Duero,,Tempranillo,Condado de Oriza
Italy,Tenuta Belguardo,94,60,Tuscany,Maremma,,Red Blend,Mazzei
US,Sands Point,88,15,California,Sonoma County,Sonoma,Merlot,Avelina
US,,84,8,California,California,California Other,Cabernet Sauvignon,CheapSkate
US,La Joie,90,100,California,Sonoma County,Sonoma,Red Blend,Verité
Italy,,91,,Piedmont,Barbaresco,,Nebbiolo,Alessandro Rivetto
Argentina,Carrascal,86,13,Mendoza Province,Mendoza,,Bordeaux-style Red Blend,Weinert
Italy,,83,,Veneto,Bardolino,,"Corvina, Rondinella, Molinara",Ca' dei Rotti
Spain,Old Vines Reserva,88,17,Central Spain,Valdepeñas,,Tempranillo,Bodegas Navarro López
France,,87,20,Loire Valley,Bourgueil,,Cabernet Franc,Château de Minière
France,L'Hospitalitas - La Clape,93,75,Languedoc-Roussillon,Coteaux du Languedoc,,Rhône-style Red Blend,Gérard Bertrand
Spain,La Kika Manzanilla,90,30,Andalucia,Manzanilla-Sanlúcar de Barrameda,,Sherry,Bodegas Yuste
US,Hollystone-Collins Old Vines,87,32,California,Napa Valley,Napa,Zinfandel,Benessere
France,Crustacés,85,12,Alsace,Alsace,,White Blend,Dopff & Irion
US,Social Club White,83,13,New York,Long Island,Long Island,Chardonnay,Brooklyn Oenology
US,,87,37,California,Napa Valley,Napa,Zinfandel,Frank Family
US,,87,30,California,Russian River Valley,Sonoma,Pinot Noir,Windsor Sonoma
Italy,Cascina Pioiero,87,23,Piedmont,Roero Arneis,,Arneis,Pioiero
US,Estate Grown,87,25,California,Dry Creek Valley,Sonoma,Zinfandel,Fritz
Argentina,Organic,83,12,Mendoza Province,Mendoza,,Chardonnay,VinEcol
US,,92,36,California,Rutherford,Napa,Petite Sirah,Elyse
Australia,Leylines,89,,South Australia,McLaren Vale,,Shiraz,Songlines
US,La Serenne,94,55,Washington,Yakima Valley,Columbia Valley,Syrah,Betz Family
Spain,Vendimia Seleccionada,93,48,Northern Spain,Rioja,,Tempranillo,Amador Garcia
South Africa,,87,20,South Africa,,,Cabernet Sauvignon,The Berrio
Italy,La Guardia,90,34,Veneto,Recioto della Valpolicella Classico,,Red Blend,Recchia
South Korea,Wild Grape Dry,82,16,Jiri Valley,,,Meoru,Keum Hwa Winery
Argentina,Reserve,84,23,Mendoza Province,Tupungato,,Merlot,Andeluna
Portugal,Malhadinha Tinto,94,90,Alentejano,,,Portuguese Red,Herdade da Malhadinha Nova
Chile,Barrel Selection Reserve,88,10,Central Valley,,,Cabernet Sauvignon,Valdivieso
Italy,Terranuda,86,,Piedmont,Barbera d'Asti,,Barbera,Marcaurelio
US,,84,14,California,Napa Valley,Napa,Sauvignon Blanc,Courtney Benham
US,Reserve,87,37,Oregon,Willamette Valley,Willamette Valley,Pinot Noir,Argyle
New Zealand,,86,10,Marlborough,,,Sauvignon Blanc,Twin Islands
US,,86,23,Washington,Columbia Valley (WA),Columbia Valley,Cabernet Sauvignon,Lost River
US,Subduction Red,90,18,Washington,Columbia Valley (WA),Columbia Valley,Red Blend,Syncline
Australia,Prelude Vineyards,91,36,Western Australia,Margaret River,,Chardonnay,Leeuwin Estate
France,,94,109,Burgundy,Corton-Charlemagne,,Chardonnay,Roux Père et Fils
US,Riatta,84,18,California,Paso Robles,Central Coast,Sangiovese,JanKris
Italy,Terre di Dora,91,20,Southern Italy,Fiano di Avellino,,White Blend,Terredora
France,Vau de Vey Premier Cru,90,40,Burgundy,Chablis,,Chardonnay,Château de Maligny
Chile,Reserva,88,20,Maipo Valley,,,Carmenère-Cabernet Sauvignon,Carmen
US,Clift Vineyard,87,40,California,Oak Knoll District,Napa,Cabernet Sauvignon,Tudal
Portugal,Terra Grande Colheita,85,11,Alentejano,,,Portuguese Red,Parras Vinhos
US,Proprietor's Reserve,85,27,New York,North Fork of Long Island,Long Island,Cabernet Franc,Palmer
US,,87,16,California,Dry Creek Valley,Sonoma,Sauvignon Blanc,Handley
US,Thunderbolt,84,16,Washington,Yakima Valley,Columbia Valley,Sauvignon Blanc-Semillon,Airfield Estates
Italy,Le Sèrole,88,50,Southern Italy,Terre del Volturno,,Pallagrello,Terre del Principe
Spain,Torre La Moreira,90,19,Galicia,Rías Baixas,,Albariño,Marqués de Vizhoja
Italy,D'Echo,85,16,Tuscany,Toscana,,Red Blend,Leopoldo I di Toscana
US,Syrah,82,18,California,Contra Costa County,Central Coast,Rosé,Longevity
US,,90,15,Oregon,Oregon,Oregon Other,Riesling,A to Z
US,Estate Vineyard,84,22,California,Monterey County,Central Coast,Merlot,Château Julien
Italy,Pascena,91,50,Tuscany,Moscadello di Montalcino,,Moscadello,Col d'Orcia
Germany,Thomas Schmitt Private Collection Estate Bottled,85,13,Mosel-Saar-Ruwer,,,Riesling,Schmitt Söhne
Italy,Le Stoppie,85,9,Tuscany,Chianti Colli Pisani,,Sangiovese,Sangervasio
Australia,Reserve,90,24,Victoria,Yarra Valley,,Shiraz,Green Point
US,Hellenthal Vineyard,96,40,California,Sonoma Coast,Sonoma,Pinot Noir,Bjornstad
Portugal,Pink Elephant,84,8,Lisboa,,,Rosé,DFJ Vinhos
US,,87,95,California,Napa Valley,Napa,Cabernet Sauvignon,Bello Family Vineyards
Italy,Maggiorina,82,20,Piedmont,Moscato d'Asti,,Moscato,Rivetti Massimo
US,,88,10,Washington,Washington,Washington Other,Cabernet Sauvignon,Washington Hills
US,Abetina Vineyard,93,100,Oregon,Willamette Valley,Willamette Valley,Pinot Noir,Ponzi
US,Estate Reserve,87,38,Oregon,Willamette Valley,Willamette Valley,Pinot Noir,David Hill
US,,84,15,California,Lake County,Mendocino/Lake Counties,Sauvignon Blanc,Shannon Ridge
France,Clos Windsbuhl,94,80,Alsace,Alsace,,Riesling,Domaine Zind-Humbrecht
France,,87,15,Rhône Valley,Côtes du Rhône,,Rhône-style Red Blend,Domaine de Beaurenard
Italy,Radius,87,,Tuscany,Bolgheri,,Vermentino,Serni Fulvio Luigi
Italy,Rubizzo,87,12,Tuscany,Toscana,,Sangiovese,Rocca delle Macìe
France,Les Puillets,90,32,Burgundy,Mercurey,,Pinot Noir,Château Philippe-le-Hardi
US,,80,10,California,Lodi,Central Valley,Sauvignon Blanc,Ironstone
France,Cuvée Femme Brut,95,120,Champagne,Champagne,,Champagne Blend,Duval-Leroy
US,Brut,91,35,California,Carneros,Napa-Sonoma,Champagne Blend,Acacia
France,Diablère,85,,Southwest France,Côtes de Duras,,Bordeaux-style Red Blend,Domaine les Riquets
Spain,Barón d'Anglade,87,50,Northern Spain,Rioja,,Tempranillo Blend,Bodegas Franco-Españolas
US,Klopp Ranch Méthode a L'Ancienne,96,57,California,Russian River Valley,Sonoma,Pinot Noir,Merry Edwards
France,,89,40,Bordeaux,Montagne-Saint-Émilion,,Bordeaux-style Red Blend,Château Vieux Montagne
US,,84,18,California,Paso Robles,Central Coast,Tempranillo,A Cellar Full of Noise
France,Mairlant,90,40,Rhône Valley,Saint-Joseph,,Rhône-style White Blend,Domaine François Villard
Spain,,83,20,Galicia,Rías Baixas,,Albariño,Orballo
France,La Dame Wiebelsberg Grand Cru,89,44,Alsace,Alsace,,Riesling,Marc Kreydenweiss
US,Rosé,87,22,California,California,California Other,Sparkling Blend,Chandon
Chile,Reserva,83,12,Loncomilla Valley,,,Merlot,Cremaschi Furlotti
Uruguay,,80,9,Canelones,,,Cabernet Sauvignon,Toscanini
Australia,,88,16,South Australia,Limestone Coast,,Cabernet Sauvignon-Shiraz,TLC
US,Estate,89,29,California,Paso Robles,Central Coast,Petite Sirah,Vina Robles
US,,84,25,California,Paso Robles,Central Coast,Merlot,San Simeon
Argentina,Oak Cask,85,12,Mendoza Province,Mendoza,,Malbec,Trapiche
US,,87,26,California,Russian River Valley,Sonoma,Pinot Noir,Sebastiani
Italy,Heba,86,16,Tuscany,Morellino di Scansano,,Red Blend,Fattoria di Magliano
France,Barrel sample,95,,Bordeaux,Sauternes,,Bordeaux-style White Blend,Château Sigalas Rabaud
Chile,Reserva,87,15,Limarí Valley,,,Syrah,Viña Tabalí
US,,93,30,California,San Luis Obispo County,Central Coast,Syrah,Herman Story
US,Reserve,90,115,California,Napa Valley,Napa,Cabernet Franc,Peju
US,Gracie Creek Vineyards,85,38,California,Sonoma Valley,Sonoma,Syrah,Muscardini
Chile,Reserva,82,9,Maipo Valley,,,Chardonnay,Santa Alicia
US,Geza's Selection,88,45,California,Sonoma Valley,Sonoma,Pinot Noir,Buena Vista
Argentina,,90,15,Mendoza Province,Mendoza,,Malbec,Tapiz
France,Château Romassan,91,43,Provence,Bandol,,Rosé,Domaines Ott
South Africa,Reserve,80,15,Robertson,,,Chardonnay,Van Loveren
US,,87,12,California,Monterey County,Central Coast,Gewürztraminer,Banyan
US,Seascape Vineyard,94,65,California,Sonoma Coast,Sonoma,Chardonnay,Hartford Court
Italy,Postera,87,40,Veneto,Amarone della Valpolicella Classico,,Red Blend,Manara
Greece,,86,12,Aigialias Slopes,,,Cabernet Sauvignon,Oenoforos
Italy,Gerbino Rosato di Nerello Mascalese,87,15,Sicily & Sardinia,Terre Siciliane,,Nerello Mascalese,Di Giovanna
US,Clos Pepe Vineyard,92,75,California,Sta. Rita Hills,Central Coast,Pinot Noir,Arcadian
Portugal,Quinta de Simaens,87,12,Vinho Verde,,,Portuguese White,Borges
US,Rosella's Vineyard,89,52,California,Santa Lucia Highlands,Central Coast,Pinot Noir,Roar
France,,88,30,Bordeaux,Saint-Émilion,,Bordeaux-style Red Blend,Château de Ferrand
Italy,Moma,88,,Central Italy,Rubicone,,Red Blend,Umberto Cesari
US,Talley-Rincon Vineyard,93,40,California,Arroyo Grande Valley,Central Coast,Pinot Noir,Sinor-LaVallee
US,Estate Bottled,92,45,California,Rutherford,Napa,Cabernet Franc,William Harrison
US,The Novelist Meritage,85,18,California,California,California Other,Bordeaux-style White Blend,Cosentino
US,Bien Nacido Vineyard,89,40,California,Santa Maria Valley,Central Coast,Chardonnay,La Fenêtre
Argentina,,88,13,Mendoza Province,Mendoza,,Torrontés,Inacayal
US,,85,32,California,Dry Creek Valley,Sonoma,Petite Sirah,Mounts
US,Ramal Vineyard Clone 17RY,92,32,California,Carneros,Napa-Sonoma,Chardonnay,Buena Vista
Italy,,85,9,Northeastern Italy,Vigneti delle Dolomiti,,Pinot Noir,Mezzacorona
Australia,The Pugilist,88,16,South Australia,Langhorne Creek,,Cabernet Sauvignon,One Chain
Italy,Stemmari,87,9,Sicily & Sardinia,Sicilia,,Pinot Nero,Feudo Arancio
US,,88,25,Oregon,Willamette Valley,Willamette Valley,Gamay Noir,WillaKenzie Estate
US,,85,38,California,Napa Valley,Napa,Cabernet Sauvignon,Due Vigne
Italy,,85,9,Tuscany,Chianti,,Sangiovese,Straccali
US,Ultra Brut,93,50,California,Green Valley,Sonoma,Sparkling Blend,Iron Horse
Spain,,85,8,Northern Spain,Campo de Borja,,Rosé,Borsao
Argentina,Reserve,86,15,Mendoza Province,Mendoza,,Chardonnay,Cruz Alta
France,Domaine Piron-Lameloise,91,21,Beaujolais,Chénas,,Gamay,Domaine Dominique Piron
US,,87,39,California,Sonoma County,Sonoma,Petite Sirah,Imagery
Argentina,Oak Cask,88,10,Mendoza Province,Mendoza,,Cabernet Sauvignon,Trapiche
US,,86,26,California,Sonoma County,Sonoma,Syrah-Grenache,Qualia
Spain,Cream,89,15,Andalucia,Jerez,,Sherry,Bodegas Dios Baco S.L.
Italy,Cum Laude,91,31,Tuscany,Toscana,,Red Blend,Castello Banfi
US,,85,15,Oregon,Umpqua Valley,Southern Oregon,Chardonnay,Girardet
US,Logan Sleepy Hollow Vineyard,87,28,California,Santa Lucia Highlands,Central Coast,Chardonnay,Talbott
Austria,Alte Reben,93,35,Burgenland,,,Austrian Red Blend,Weninger
France,,89,,Burgundy,Volnay,,Pinot Noir,Domaine Poulleau Père et Fils
Italy,,89,22,Tuscany,Rosso di Montalcino,,Sangiovese Grosso,Tenuta Vitanza
Italy,Keramos Riserva,90,42,Sicily & Sardinia,Cannonau di Sardegna,,Cannonau,Tenute Soletta
Australia,Special Select,92,65,South Australia,Coonawarra,,Shiraz,Penley Estate
Italy,,87,20,Veneto,Valpolicella Superiore Ripasso,,"Corvina, Rondinella, Molinara",Grotta del Ninfeo
Australia,,89,18,Victoria,Goulburn Valley,,Shiraz,Tahbilk
US,,92,58,California,Napa Valley,Napa,Cabernet Sauvignon,Joseph Phelps
US,,90,24,California,Lake County,Mendocino/Lake Counties,Petite Sirah,Two Angels
Italy,Regina di Renieri,91,40,Tuscany,Toscana,,Syrah,Renieri
France,,88,216,Burgundy,Bâtard-Montrachet,,Chardonnay,Joseph Drouhin
Italy,Cerviolo Bianco,87,25,Tuscany,Toscana,,Chardonnay,San Fabiano Calcinaia
Chile,Character,86,22,Maipo Valley,,,Cabernet Sauvignon-Carmenère,Haras
US,Chaleur Estate,91,45,Washington,Yakima Valley,Columbia Valley,Red Blend,DeLille
New Zealand,Judd Estate,87,17,Gisborne,,,Chardonnay,Matua Valley
France,,93,110,Bordeaux,Saint-Émilion,,Bordeaux-style Red Blend,Vieux Château Mazerat
US,Washington State Cuvée,89,28,Washington,Columbia Valley (WA),Columbia Valley,Red Blend,Walla Walla Vintners
US,Peasant,86,40,California,Paso Robles,Central Coast,Rhône-style Red Blend,Four Vines
France,Réserve,88,13,Alsace,Alsace,,Riesling,Willm
Italy,,85,,Tuscany,Chianti Colli Aretini,,Sangiovese,Villa Cilnia
France,Luna,87,16,Rhône Valley,Côtes du Rhône Villages,,Rhône-style White Blend,Laudun Chusclan
US,Nielson Vineyard,92,45,California,Santa Maria Valley,Central Coast,Pinot Noir,Byron
New Zealand,Pathway Single Estate,85,15,Marlborough,,,Pinot Noir,Ara
Italy,Bussia Corsini,87,48,Piedmont,Barolo,,Nebbiolo,Podere Ruggeri Corsini
US,Spofford Station,86,25,Oregon,Walla Walla Valley (OR),Oregon Other,Cabernet Sauvignon,Lujon
Italy,,92,40,Piedmont,Barolo,,Nebbiolo,Beni di Batasiolo
US,Areté,85,60,Oregon,Oregon,Oregon Other,Pinot Noir,Iris Vineyards
US,,87,20,Washington,Washington,Washington Other,Cabernet-Syrah,Latah Creek
Turkey,,87,15,Turkey,,,Emir,Turasan
US,Reserve,90,40,California,Santa Barbara County,Central Coast,Pinot Noir,Addamo
Italy,Le Pitre,86,29,Southern Italy,Salento,,White Blend,Villa Mottura
France,,90,50,Rhône Valley,Hermitage,,Rhône-style White Blend,E. Guigal
France,Tsarine Rosé Brut,90,40,Champagne,Champagne,,Champagne Blend,Chanoine
Italy,Bellovedere,90,,Central Italy,Montepulciano d'Abruzzo,,Montepulciano,La Valentina
Australia,Leston,90,25,Western Australia,Margaret River,,Shiraz,Howard Park
US,Dario Estate,88,25,Oregon,Chehalem Mountains,Willamette Valley,Pinot Noir,Potter's Vineyard
US,Sleepy Hollow Vineyard,88,35,California,Monterey,Central Coast,Chardonnay,Talbott
Italy,,87,52,Tuscany,Brunello di Montalcino,,Sangiovese Grosso,Podere Paganico
US,Unoaked,87,14,New York,Finger Lakes,Finger Lakes,Chardonnay,Heron Hill
US,Silacci Vineyard,87,28,California,Monterey,Central Coast,Pinot Noir,De Tierra
US,Wallula Vineyard Biodynamic,91,20,Washington,Columbia Valley (WA),Columbia Valley,Riesling,Pacific Rim
Italy,Le More,86,14,Central Italy,Sangiovese di Romagna,,Sangiovese,Castelluccio
New Zealand,Te Muna Road Vineyard,90,39,Martinborough,,,Pinot Noir,Craggy Range
Italy,,90,24,Northeastern Italy,Collio,,White Blend,Zuani
US,Boushey Vineyards,87,50,Washington,Yakima Valley,Columbia Valley,Syrah,Three Rivers
France,Barrel sample,93,,Bordeaux,Saint-Émilion,,Bordeaux-style Red Blend,Château Faugères
US,Bonatello Riserva,90,35,Washington,Columbia Valley (WA),Columbia Valley,Sangiovese,Tre Nova
US,Sea Flower Dry,85,15,California,Central Coast,Central Coast,Rosé,Deep Sea
Portugal,Rubrica Branco,93,25,Alentejano,,,Portuguese White,Luis Duarte
US,Horse Heaven Vineyard,90,15,Washington,Horse Heaven Hills,Columbia Valley,Sauvignon Blanc,Chateau Ste. Michelle
Italy,Acinatium,93,55,Veneto,Recioto di Soave,,Garganega,Suavia
Argentina,,87,9,Mendoza Province,Mendoza,,Merlot,Tango Sur
Italy,Vintage Collection Dosage Zero Noir Riserva,94,,Lombardy,Franciacorta,,Pinot Nero,Ca' del Bosco
Italy,Vigneto Fiorato,89,30,Veneto,Recioto della Valpolicella Classico,,"Corvina, Rondinella, Molinara",Tommasi
Austria,Gedersdorf Moosburgerin,88,16,Kremstal,,,Grüner Veltliner,Felsner
Argentina,,87,10,Mendoza Province,Mendoza,,Torrontés,El Fogón
Italy,Fidenzio,88,,Tuscany,Toscana,,Red Blend,Podere San Luigi
Chile,,87,18,Casablanca Valley,,,Pinot Noir,Ritual
France,Cuvée les Epinats,85,12,Loire Valley,Saumur,,Chenin Blanc,Alliance Loire
US,Block 007 Estate Vineyard,87,25,California,Dry Creek Valley,Sonoma,Cabernet Sauvignon,Pedroncelli
US,Diamond Dust Vineyard,90,22,California,Alexander Valley,Sonoma,Cabernet Sauvignon,Trig Point
US,,90,12,Oregon,Willamette Valley,Willamette Valley,Riesling,Willamette Valley Vineyards
Germany,Bürklin Estate,87,15,Pfalz,,,Riesling,Dr. Bürklin-Wolf
Austria,Steinriegl Smaragd,94,44,Wachau,,,Riesling,Schmelz
US,,88,20,California,Paso Robles,Central Coast,Zinfandel,Grey Wolf Cellars
Portugal,Casa de Santar,88,15,Dão,,,Portuguese White,Dão Sul
France,,89,63,Burgundy,Nuits-St.-Georges,,Pinot Noir,Domaine Faiveley
Spain,,86,12,Northern Spain,Rioja,,Tempranillo,Solar de Randez
US,,88,11,Washington,Columbia Valley (WA),Columbia Valley,Sauvignon Blanc,Hogue
South Africa,The Rose Garden,87,13,Coastal Region,,,Rosé,Boschendal
US,Old Vine,89,22,California,Dry Creek Valley,Sonoma,Zinfandel,Pezzi King
Chile,La Joya Gran Reserva,85,15,Colchagua Valley,,,Gewürztraminer,Viña Bisquertt
Chile,Visión,88,15,Casablanca Valley,,,Sauvignon Blanc,Cono Sur
Spain,Finca Resalso,87,15,Northern Spain,Ribera del Duero,,Tinto Fino,Emilio Moro
Spain,Rosado,81,10,Northern Spain,Ribera del Duero,,Tempranillo,Viña Vilano
US,Reserve,91,75,California,Diamond Mountain District,Napa,Cabernet Sauvignon,Martin Ray
Spain,Luzon Verde,84,9,Levante,Jumilla,,Monastrell,Bodegas Luzón
Italy,,85,10,Tuscany,Chianti,,Sangiovese,Piccini
Austria,Loibenberg Smaragd,93,50,Wachau,,,Grüner Veltliner,Emmerich Knoll
US,Estate,86,35,California,Central Coast,Central Coast,Syrah,Clos La Chance
France,Clos Windsbuhl,95,80,Alsace,Alsace,,Gewürztraminer,Domaine Zind-Humbrecht
Italy,Tenuta Valleselle Aurum,88,45,Veneto,Amarone della Valpolicella Classico,,"Corvina, Rondinella, Molinara",Tinazzi
US,,88,22,California,Russian River Valley,Sonoma,Arneis,Seghesio
Australia,Julius,90,30,South Australia,Eden Valley,,Riesling,Henschke
US,Alpha Wolf Vineyards,87,40,California,Napa Valley,Napa,Cabernet Sauvignon,Eagle Eye
Portugal,Marquês de Borba,88,14,Alentejo,,,Portuguese Red,J. Portugal Ramos
Italy,,83,,Tuscany,Rosso di Montalcino,,Sangiovese Grosso,Poggio dell'Aquila
US,Floodgate Vineyard,92,54,California,Russian River Valley,Sonoma,Pinot Noir,Fulcrum
France,,86,20,Bordeaux,Bordeaux Blanc,,Bordeaux-style White Blend,Château Timberlay
US,,83,15,Oregon,Dundee Hills,Willamette Valley,Pinot Blanc,Erath
US,Alden Perry Reserve Napa Redwoods Estate,92,42,California,Mount Veeder,Napa,Bordeaux-style Red Blend,Yates Family Vineyard
New Zealand,Unoaked,85,15,East Coast,,,Chardonnay,Gunn Estate
US,,90,30,California,Marin County,North Coast,Pinot Noir,De Loach
France,Prestige,84,12,Rhône Valley,Costières de Nîmes,,Rhône-style Red Blend,Château de Valcombe
US,,84,14,California,Lodi,Central Valley,Zinfandel,Plungerhead
Italy,,84,9,Veneto,Soave,,Garganega,Bolla
New Zealand,Seddon,92,44,Marlborough,,,Pinot Noir,Villa Maria
Australia,Poacher's Blend Semillon-Sauvignon Blanc-Riesling,86,13,South Australia,Barossa,,White Blend,St Hallett
US,,90,50,Washington,Columbia Valley (WA),Columbia Valley,Cabernet Sauvignon,Browne Family Vineyards
Canada,Icewine,91,50,Ontario,Niagara Peninsula,,Riesling,Henry of Pelham
France,,84,,Bordeaux,Bordeaux Supérieur,,Bordeaux-style Red Blend,Château Grand Rolland
France,Vide Bourse Premier Cru,92,,Burgundy,Chassagne-Montrachet,,Chardonnay,Albert Bichot
US,,90,40,California,Sonoma Coast,Sonoma,Pinot Noir,Glasshaus
Spain,Viña Borgia,86,6,Northern Spain,Campo de Borja,,Garnacha,Borsao
US,Van Ness Vineyard,94,53,California,Alexander Valley,Sonoma,Syrah,Palmeri
US,J-W,84,13,Iowa,Iowa,,Rosé,Jasper
US,Estate Grown,85,35,California,Russian River Valley,Sonoma,Sauvignon Blanc,Rochioli
Portugal,Vila Santa Reserva,91,20,Alentejano,,,Portuguese Red,J. Portugal Ramos
US,Proprietor's Reserve Barrel Fermented,86,20,New York,Finger Lakes,Finger Lakes,Chardonnay,Chateau Lafayette Reneau
US,,95,20,Washington,Walla Walla Valley (WA),Columbia Valley,Chardonnay,Rulo
US,,83,11,California,California,California Other,Zinfandel,Avenue
US,Oak Select,87,25,Oregon,Willamette Valley,Willamette Valley,Chardonnay,Noble Estate
US,,86,25,California,Santa Clara Valley,Central Coast,Viognier,Lion Ranch
New Zealand,Old Coach Road,86,20,Nelson,,,Pinot Noir,Seifried
US,Crossfire Beckstoffer Missouri Hopper Vineyard,87,85,California,Oakville,Napa,Cabernet Sauvignon,World's End
US,Terroir Champoux Vineyard,85,25,Washington,Horse Heaven Hills,Columbia Valley,Cabernet Sauvignon,Hogue
France,,85,12,Bordeaux,Bordeaux Blanc,,Bordeaux-style White Blend,Château Grand Jean
US,Highlands Estates Trace Ridge,92,75,California,Knights Valley,Sonoma,Bordeaux-style Red Blend,Kendall-Jackson
Argentina,Gemela Reserva,85,20,Mendoza Province,San Rafael,,Cabernet Sauvignon,Finca Santa Justina
US,,87,18,California,Happy Canyon of Santa Barbara,Central Coast,Sauvignon Blanc,3CV
Portugal,Casa de Santar,89,15,Dão,,,Portuguese Red,Dão Sul
New Zealand,,84,19,Kumeu,,,Sauvignon Blanc,Kumeu River
Spain,Atteca Armas Old Vines,92,45,Northern Spain,Calatayud,,Garnacha,Bodegas Ateca
Spain,Tinto,83,6,Levante,Valencia,,Bobal,El Copero
US,Fish House,88,13,Washington,Columbia Valley (WA),Columbia Valley,Sauvignon Blanc,Magnificent Wine Company
US,Reserve,86,22,New York,North Fork of Long Island,Long Island,Merlot,Christiano Family
US,,85,35,California,Santa Lucia Highlands,Central Coast,Chardonnay,In Re
Italy,Sylvoz Brut,85,15,Veneto,Prosecco,,Glera,Le Colture
US,The Contender,91,55,Washington,Walla Walla Valley (WA),Columbia Valley,Syrah,Reynvaan Family Vineyards
US,TF Cab,91,65,California,Napa Valley,Napa,Cabernet Sauvignon,Tyler Florence
Chile,,86,10,Maipo Valley,,,Syrah,Carmen
France,Cuvée Millesimé Grand Cru Brut,93,75,Champagne,Champagne,,Chardonnay,Pierre Moncuit
US,Cañon Creek Vineyard,85,40,California,Napa Valley,Napa,Cabernet Sauvignon,Midsummer Cellars
France,Chardonnay de Chardonnay,85,16,Burgundy,Mâcon-Chardonnay,,Chardonnay,Cave de Lugny
Spain,VA Viña Aljibes,84,15,Central Spain,Vino de la Tierra de Castilla,,Sauvignon Blanc-Chardonnay,Aljibes
US,,90,16,Oregon,Umpqua Valley,Southern Oregon,Pinot Gris,Anindor
US,Cold Creek Vineyard,89,26,Washington,Columbia Valley (WA),Columbia Valley,Chardonnay,Chateau Ste. Michelle
US,,88,38,California,Rutherford,Napa,Merlot,Frog's Leap
New Zealand,,90,23,Nelson,,,Pinot Noir,Woollaston
Italy,Tezza,89,20,Veneto,Valpolicella Ripasso Valpantena Superiore,,"Corvina, Rondinella, Molinara",Tezza
US,,87,14,California,Mendocino,Mendocino/Lake Counties,Chenin Blanc,Graziano
Hungary,,85,9,Neszmély,,,Grüner Veltliner,Craftsman
South Africa,Barrel Fermented,89,38,Stellenbosch,,,Chardonnay,Mulderbosch
US,,82,9,California,California,California Other,Merlot,Camelot
France,,84,10,Bordeaux,Bordeaux Blanc,,Bordeaux-style White Blend,Mouton-Cadet
US,,89,18,California,Shenandoah Valley (CA),Sierra Foothills,Sauvignon Blanc,Helwig
US,,86,19,New York,Finger Lakes,Finger Lakes,Merlot,Keuka Spring
Chile,Lote D,87,14,Marchigue,,,Syrah,Polkura
US,,86,14,California,Sonoma County,Sonoma,Fumé Blanc,Dry Creek Vineyard
US,,87,80,California,Rutherford,Napa,Cabernet Sauvignon,Pine Ridge
US,Chapitre 3,90,,Washington,Columbia Valley (WA),Columbia Valley,Syrah,Betz Family
Italy,,89,30,Tuscany,Rosso di Montalcino,,Sangiovese Grosso,Querce Bettina
US,Wallula Vineyard Biodynamic,95,32,Washington,Columbia Valley (WA),Columbia Valley,Riesling,Pacific Rim
Israel,Reserve Kosher,81,15,Upper Galilee,,,Sauvignon Blanc,Binyamina
France,Extra Fruit XF,85,10,Bordeaux,Bordeaux Blanc,,Sauvignon Blanc,Calvet
Italy,,90,35,Tuscany,Brunello di Montalcino,,Sangiovese,Tenuta di Sesta
New Zealand,,89,25,Marlborough,,,Sauvignon Blanc,Crowded House
Italy,,87,17,Tuscany,Rosso di Montalcino,,Sangiovese Grosso,La Gerla
US,,91,20,Washington,Columbia Valley (WA),Columbia Valley,Syrah,Arbor Crest
France,,89,,Bordeaux,Haut-Médoc,,Bordeaux-style Red Blend,Château Peyrabon
Spain,,89,16,Northern Spain,Rueda,,Verdejo,Valdelapinta
Australia,Reserve,87,12,South Australia,South Australia,,Chardonnay,Jacob's Creek
US,Alary,88,35,California,Russian River Valley,Sonoma,Chardonnay,Arrowood
Spain,,85,10,Central Spain,Vino de la Tierra de Castilla,,Tempranillo,Spanish Vines
Italy,Villa Montignana Riserva,88,23,Tuscany,Chianti Classico,,Sangiovese,Coli
US,,88,22,Oregon,Willamette Valley,Willamette Valley,Pinot Noir,Amity
US,Lone Canyon Vineyard,89,65,California,Napa Valley,Napa,Cabernet Sauvignon,Ladera
Argentina,,85,13,Mendoza Province,Mendoza,,Viognier,Viña Las Perdices
US,Bachelor's Button,90,28,Washington,Columbia Valley (WA),Columbia Valley,Cabernet Sauvignon,Isenhower
Italy,Rocchettevino,94,,Piedmont,Barolo,,Nebbiolo,Viberti
Italy,Extra Dry,85,,Veneto,Prosecco,,Glera,Maccari Spumanti
US,Barrel Fermented,85,15,New York,Finger Lakes,Finger Lakes,Chardonnay,Glenora
Portugal,Cape Roca Fish,84,15,Alentejano,,,Portuguese Red,Casca Wines
Portugal,Pedras do Monte,85,8,Península de Setúbal,,,Castelão,DFJ Vinhos
US,La Colline,92,60,California,Arroyo Grande Valley,Central Coast,Pinot Noir,Laetitia
US,,85,22,California,Paicines,Central Coast,Claret,Donati
France,,89,,Bordeaux,Pomerol,,Bordeaux-style Red Blend,Château Altimar
Israel,14 Months Barrel Aged Kosher,84,22,Judean Hills,,,Shiraz,Barkan
US,,83,8,California,California,California Other,Sauvignon Blanc,Bogle
US,Julius Caesar,86,40,Oregon,Oregon,Oregon Other,Syrah,Merrill Cellars
Portugal,,91,20,Douro,,,Touriga Nacional,Quinta de Ventozelo
France,Bonheur Convivial,90,20,Alsace,Alsace,,Pinot Noir,Domaine Rieflé-Landmann
Spain,Via Cenit VDC,92,30,Northern Spain,Tierra del Viños de Zamora,,Tempranillo,Viñas del Cenit
US,Estate,90,22,California,Santa Ynez Valley,Central Coast,Syrah,Zaca Mesa
Argentina,Catena,88,20,Mendoza Province,Mendoza,,Cabernet Sauvignon,Bodega Catena Zapata
US,,87,9,Washington,Columbia Valley (WA),Columbia Valley,Merlot,Hogue
US,Drizzle,91,17,Washington,Red Mountain,Columbia Valley,Pinot Gris,Convergence Zone
France,Réserve,93,35,Alsace,Alsace,,Riesling,Trimbach
Italy,Passión,88,25,Northeastern Italy,Colli Orientali del Friuli,,White Blend,Guerra Albano
Portugal,Vertice Cuvée Reserva,87,19,Douro,,,Portuguese Sparkling,Caves Transmontanas
